date,Tissot Market Index (USD)
Fri Nov 30 2018,0
Sat Dec 01 2018,0
Sun Dec 02 2018,0
Mon Dec 03 2018,0
Tue Dec 04 2018,0
Wed Dec 05 2018,0
Thu Dec 06 2018,0
Fri Dec 07 2018,0
Sat Dec 08 2018,0
Sun Dec 09 2018,0
Mon Dec 10 2018,0
Tue Dec 11 2018,0
Wed Dec 12 2018,0
Thu Dec 13 2018,0
Fri Dec 14 2018,0
Sat Dec 15 2018,0
Sun Dec 16 2018,0
Mon Dec 17 2018,0
Tue Dec 18 2018,0
Wed Dec 19 2018,0
Thu Dec 20 2018,0
Fri Dec 21 2018,0
Sat Dec 22 2018,0
Sun Dec 23 2018,0
Mon Dec 24 2018,0
Tue Dec 25 2018,0
Wed Dec 26 2018,0
Thu Dec 27 2018,0
Fri Dec 28 2018,0
Sat Dec 29 2018,0
Sun Dec 30 2018,0
Mon Dec 31 2018,0
Tue Jan 01 2019,0
Wed Jan 02 2019,0
Thu Jan 03 2019,0
Fri Jan 04 2019,0
Sat Jan 05 2019,0
Sun Jan 06 2019,0
Mon Jan 07 2019,0
Tue Jan 08 2019,0
Wed Jan 09 2019,0
Thu Jan 10 2019,0
Fri Jan 11 2019,0
Sat Jan 12 2019,0
Sun Jan 13 2019,0
Mon Jan 14 2019,0
Tue Jan 15 2019,0
Wed Jan 16 2019,0
Thu Jan 17 2019,0
Fri Jan 18 2019,0
Sat Jan 19 2019,0
Sun Jan 20 2019,0
Mon Jan 21 2019,0
Tue Jan 22 2019,0
Wed Jan 23 2019,0
Thu Jan 24 2019,0
Fri Jan 25 2019,0
Sat Jan 26 2019,0
Sun Jan 27 2019,0
Mon Jan 28 2019,0
Tue Jan 29 2019,0
Wed Jan 30 2019,0
Thu Jan 31 2019,0
Fri Feb 01 2019,0
Sat Feb 02 2019,0
Sun Feb 03 2019,0
Mon Feb 04 2019,0
Tue Feb 05 2019,0
Wed Feb 06 2019,0
Thu Feb 07 2019,0
Fri Feb 08 2019,0
Sat Feb 09 2019,0
Sun Feb 10 2019,0
Mon Feb 11 2019,0
Tue Feb 12 2019,0
Wed Feb 13 2019,0
Thu Feb 14 2019,0
Fri Feb 15 2019,0
Sat Feb 16 2019,0
Sun Feb 17 2019,0
Mon Feb 18 2019,0
Tue Feb 19 2019,0
Wed Feb 20 2019,0
Thu Feb 21 2019,0
Fri Feb 22 2019,0
Sat Feb 23 2019,0
Sun Feb 24 2019,0
Mon Feb 25 2019,0
Tue Feb 26 2019,0
Wed Feb 27 2019,0
Thu Feb 28 2019,0
Fri Mar 01 2019,0
Sat Mar 02 2019,0
Sun Mar 03 2019,0
Mon Mar 04 2019,0
Tue Mar 05 2019,0
Wed Mar 06 2019,0
Thu Mar 07 2019,0
Fri Mar 08 2019,0
Sat Mar 09 2019,0
Sun Mar 10 2019,0
Mon Mar 11 2019,0
Tue Mar 12 2019,0
Wed Mar 13 2019,0
Thu Mar 14 2019,0
Fri Mar 15 2019,0
Sat Mar 16 2019,0
Sun Mar 17 2019,0
Mon Mar 18 2019,0
Tue Mar 19 2019,0
Wed Mar 20 2019,0
Thu Mar 21 2019,0
Fri Mar 22 2019,0
Sat Mar 23 2019,0
Sun Mar 24 2019,0
Mon Mar 25 2019,0
Tue Mar 26 2019,0
Wed Mar 27 2019,0
Thu Mar 28 2019,0
Fri Mar 29 2019,0
Sat Mar 30 2019,0
Sun Mar 31 2019,0
Mon Apr 01 2019,0
Tue Apr 02 2019,0
Wed Apr 03 2019,0
Thu Apr 04 2019,0
Fri Apr 05 2019,0
Sat Apr 06 2019,0
Sun Apr 07 2019,0
Mon Apr 08 2019,0
Tue Apr 09 2019,0
Wed Apr 10 2019,0
Thu Apr 11 2019,0
Fri Apr 12 2019,0
Sat Apr 13 2019,0
Sun Apr 14 2019,0
Mon Apr 15 2019,0
Tue Apr 16 2019,0
Wed Apr 17 2019,0
Thu Apr 18 2019,0
Fri Apr 19 2019,0
Sat Apr 20 2019,0
Sun Apr 21 2019,0
Mon Apr 22 2019,0
Tue Apr 23 2019,0
Wed Apr 24 2019,0
Thu Apr 25 2019,0
Fri Apr 26 2019,0
Sat Apr 27 2019,0
Sun Apr 28 2019,0
Mon Apr 29 2019,0
Tue Apr 30 2019,0
Wed May 01 2019,0
Thu May 02 2019,0
Fri May 03 2019,0
Sat May 04 2019,0
Sun May 05 2019,0
Mon May 06 2019,0
Tue May 07 2019,0
Wed May 08 2019,0
Thu May 09 2019,0
Fri May 10 2019,0
Sat May 11 2019,0
Sun May 12 2019,0
Mon May 13 2019,0
Tue May 14 2019,0
Wed May 15 2019,0
Thu May 16 2019,0
Fri May 17 2019,0
Sat May 18 2019,0
Sun May 19 2019,0
Mon May 20 2019,0
Tue May 21 2019,0
Wed May 22 2019,0
Thu May 23 2019,0
Fri May 24 2019,0
Sat May 25 2019,0
Sun May 26 2019,0
Mon May 27 2019,0
Tue May 28 2019,0
Wed May 29 2019,0
Thu May 30 2019,0
Fri May 31 2019,0
Sat Jun 01 2019,0
Sun Jun 02 2019,0
Mon Jun 03 2019,0
Tue Jun 04 2019,0
Wed Jun 05 2019,0
Thu Jun 06 2019,0
Fri Jun 07 2019,0
Sat Jun 08 2019,0
Sun Jun 09 2019,0
Mon Jun 10 2019,0
Tue Jun 11 2019,0
Wed Jun 12 2019,0
Thu Jun 13 2019,0
Fri Jun 14 2019,0
Sat Jun 15 2019,0
Sun Jun 16 2019,0
Mon Jun 17 2019,0
Tue Jun 18 2019,0
Wed Jun 19 2019,0
Thu Jun 20 2019,0
Fri Jun 21 2019,0
Sat Jun 22 2019,0
Sun Jun 23 2019,0
Mon Jun 24 2019,0
Tue Jun 25 2019,0
Wed Jun 26 2019,0
Thu Jun 27 2019,0
Fri Jun 28 2019,0
Sat Jun 29 2019,0
Sun Jun 30 2019,0
Mon Jul 01 2019,0
Tue Jul 02 2019,0
Wed Jul 03 2019,0
Thu Jul 04 2019,0
Fri Jul 05 2019,0
Sat Jul 06 2019,0
Sun Jul 07 2019,0
Mon Jul 08 2019,0
Tue Jul 09 2019,0
Wed Jul 10 2019,0
Thu Jul 11 2019,0
Fri Jul 12 2019,0
Sat Jul 13 2019,0
Sun Jul 14 2019,0
Mon Jul 15 2019,0
Tue Jul 16 2019,0
Wed Jul 17 2019,0
Thu Jul 18 2019,0
Fri Jul 19 2019,0
Sat Jul 20 2019,0
Sun Jul 21 2019,0
Mon Jul 22 2019,0
Tue Jul 23 2019,0
Wed Jul 24 2019,0
Thu Jul 25 2019,0
Fri Jul 26 2019,0
Sat Jul 27 2019,0
Sun Jul 28 2019,0
Mon Jul 29 2019,0
Tue Jul 30 2019,0
Wed Jul 31 2019,0
Thu Aug 01 2019,0
Fri Aug 02 2019,0
Sat Aug 03 2019,0
Sun Aug 04 2019,0
Mon Aug 05 2019,0
Tue Aug 06 2019,0
Wed Aug 07 2019,0
Thu Aug 08 2019,0
Fri Aug 09 2019,0
Sat Aug 10 2019,0
Sun Aug 11 2019,0
Mon Aug 12 2019,0
Tue Aug 13 2019,0
Wed Aug 14 2019,0
Thu Aug 15 2019,0
Fri Aug 16 2019,0
Sat Aug 17 2019,0
Sun Aug 18 2019,0
Mon Aug 19 2019,0
Tue Aug 20 2019,0
Wed Aug 21 2019,0
Thu Aug 22 2019,0
Fri Aug 23 2019,0
Sat Aug 24 2019,0
Sun Aug 25 2019,0
Mon Aug 26 2019,0
Tue Aug 27 2019,0
Wed Aug 28 2019,0
Thu Aug 29 2019,0
Fri Aug 30 2019,0
Sat Aug 31 2019,0
Sun Sep 01 2019,0
Mon Sep 02 2019,0
Tue Sep 03 2019,0
Wed Sep 04 2019,0
Thu Sep 05 2019,0
Fri Sep 06 2019,0
Sat Sep 07 2019,0
Sun Sep 08 2019,0
Mon Sep 09 2019,0
Tue Sep 10 2019,0
Wed Sep 11 2019,0
Thu Sep 12 2019,0
Fri Sep 13 2019,0
Sat Sep 14 2019,0
Sun Sep 15 2019,0
Mon Sep 16 2019,0
Tue Sep 17 2019,0
Wed Sep 18 2019,0
Thu Sep 19 2019,0
Fri Sep 20 2019,0
Sat Sep 21 2019,0
Sun Sep 22 2019,0
Mon Sep 23 2019,0
Tue Sep 24 2019,0
Wed Sep 25 2019,0
Thu Sep 26 2019,0
Fri Sep 27 2019,0
Sat Sep 28 2019,0
Sun Sep 29 2019,0
Mon Sep 30 2019,0
Tue Oct 01 2019,0
Wed Oct 02 2019,0
Thu Oct 03 2019,0
Fri Oct 04 2019,0
Sat Oct 05 2019,0
Sun Oct 06 2019,0
Mon Oct 07 2019,0
Tue Oct 08 2019,0
Wed Oct 09 2019,0
Thu Oct 10 2019,0
Fri Oct 11 2019,0
Sat Oct 12 2019,0
Sun Oct 13 2019,0
Mon Oct 14 2019,0
Tue Oct 15 2019,0
Wed Oct 16 2019,0
Thu Oct 17 2019,0
Fri Oct 18 2019,0
Sat Oct 19 2019,0
Sun Oct 20 2019,0
Mon Oct 21 2019,0
Tue Oct 22 2019,0
Wed Oct 23 2019,0
Thu Oct 24 2019,0
Fri Oct 25 2019,0
Sat Oct 26 2019,0
Sun Oct 27 2019,0
Mon Oct 28 2019,0
Tue Oct 29 2019,0
Wed Oct 30 2019,0
Thu Oct 31 2019,0
Fri Nov 01 2019,0
Sat Nov 02 2019,0
Sun Nov 03 2019,0
Mon Nov 04 2019,0
Tue Nov 05 2019,0
Wed Nov 06 2019,0
Thu Nov 07 2019,0
Fri Nov 08 2019,0
Sat Nov 09 2019,0
Sun Nov 10 2019,0
Mon Nov 11 2019,0
Tue Nov 12 2019,0
Wed Nov 13 2019,0
Thu Nov 14 2019,0
Fri Nov 15 2019,0
Sat Nov 16 2019,0
Sun Nov 17 2019,0
Mon Nov 18 2019,0
Tue Nov 19 2019,0
Wed Nov 20 2019,0
Thu Nov 21 2019,0
Fri Nov 22 2019,0
Sat Nov 23 2019,0
Sun Nov 24 2019,0
Mon Nov 25 2019,0
Tue Nov 26 2019,0
Wed Nov 27 2019,0
Thu Nov 28 2019,0
Fri Nov 29 2019,0
Sat Nov 30 2019,0
Sun Dec 01 2019,0
Mon Dec 02 2019,0
Tue Dec 03 2019,0
Wed Dec 04 2019,0
Thu Dec 05 2019,0
Fri Dec 06 2019,0
Sat Dec 07 2019,0
Sun Dec 08 2019,0
Mon Dec 09 2019,0
Tue Dec 10 2019,0
Wed Dec 11 2019,0
Thu Dec 12 2019,0
Fri Dec 13 2019,0
Sat Dec 14 2019,0
Sun Dec 15 2019,0
Mon Dec 16 2019,0
Tue Dec 17 2019,0
Wed Dec 18 2019,0
Thu Dec 19 2019,0
Fri Dec 20 2019,0
Sat Dec 21 2019,0
Sun Dec 22 2019,0
Mon Dec 23 2019,0
Tue Dec 24 2019,0
Wed Dec 25 2019,0
Thu Dec 26 2019,0
Fri Dec 27 2019,0
Sat Dec 28 2019,0
Sun Dec 29 2019,0
Mon Dec 30 2019,0
Tue Dec 31 2019,0
Wed Jan 01 2020,614
Thu Jan 02 2020,613
Fri Jan 03 2020,615
Sat Jan 04 2020,611
Sun Jan 05 2020,612
Mon Jan 06 2020,609
Tue Jan 07 2020,609
Wed Jan 08 2020,609
Thu Jan 09 2020,609
Fri Jan 10 2020,608
Sat Jan 11 2020,611
Sun Jan 12 2020,605
Mon Jan 13 2020,608
Tue Jan 14 2020,608
Wed Jan 15 2020,607
Thu Jan 16 2020,608
Fri Jan 17 2020,606
Sat Jan 18 2020,609
Sun Jan 19 2020,609
Mon Jan 20 2020,605
Tue Jan 21 2020,603
Wed Jan 22 2020,603
Thu Jan 23 2020,601
Fri Jan 24 2020,598
Sat Jan 25 2020,599
Sun Jan 26 2020,599
Mon Jan 27 2020,602
Tue Jan 28 2020,602
Wed Jan 29 2020,603
Thu Jan 30 2020,603
Fri Jan 31 2020,603
Sat Feb 01 2020,602
Sun Feb 02 2020,604
Mon Feb 03 2020,605
Tue Feb 04 2020,606
Wed Feb 05 2020,609
Thu Feb 06 2020,608
Fri Feb 07 2020,608
Sat Feb 08 2020,609
Sun Feb 09 2020,609
Mon Feb 10 2020,610
Tue Feb 11 2020,607
Wed Feb 12 2020,606
Thu Feb 13 2020,606
Fri Feb 14 2020,605
Sat Feb 15 2020,607
Sun Feb 16 2020,609
Mon Feb 17 2020,612
Tue Feb 18 2020,613
Wed Feb 19 2020,612
Thu Feb 20 2020,612
Fri Feb 21 2020,610
Sat Feb 22 2020,610
Sun Feb 23 2020,615
Mon Feb 24 2020,616
Tue Feb 25 2020,617
Wed Feb 26 2020,618
Thu Feb 27 2020,617
Fri Feb 28 2020,612
Sat Feb 29 2020,612
Sun Mar 01 2020,611
Mon Mar 02 2020,614
Tue Mar 03 2020,612
Wed Mar 04 2020,611
Thu Mar 05 2020,614
Fri Mar 06 2020,615
Sat Mar 07 2020,615
Sun Mar 08 2020,613
Mon Mar 09 2020,616
Tue Mar 10 2020,616
Wed Mar 11 2020,617
Thu Mar 12 2020,618
Fri Mar 13 2020,620
Sat Mar 14 2020,620
Sun Mar 15 2020,617
Mon Mar 16 2020,618
Tue Mar 17 2020,618
Wed Mar 18 2020,619
Thu Mar 19 2020,621
Fri Mar 20 2020,623
Sat Mar 21 2020,622
Sun Mar 22 2020,621
Mon Mar 23 2020,621
Tue Mar 24 2020,622
Wed Mar 25 2020,621
Thu Mar 26 2020,621
Fri Mar 27 2020,620
Sat Mar 28 2020,622
Sun Mar 29 2020,622
Mon Mar 30 2020,622
Tue Mar 31 2020,623
Wed Apr 01 2020,623
Thu Apr 02 2020,622
Fri Apr 03 2020,622
Sat Apr 04 2020,619
Sun Apr 05 2020,618
Mon Apr 06 2020,617
Tue Apr 07 2020,618
Wed Apr 08 2020,618
Thu Apr 09 2020,623
Fri Apr 10 2020,623
Sat Apr 11 2020,620
Sun Apr 12 2020,619
Mon Apr 13 2020,620
Tue Apr 14 2020,621
Wed Apr 15 2020,619
Thu Apr 16 2020,620
Fri Apr 17 2020,620
Sat Apr 18 2020,621
Sun Apr 19 2020,622
Mon Apr 20 2020,622
Tue Apr 21 2020,622
Wed Apr 22 2020,622
Thu Apr 23 2020,624
Fri Apr 24 2020,625
Sat Apr 25 2020,632
Sun Apr 26 2020,630
Mon Apr 27 2020,628
Tue Apr 28 2020,629
Wed Apr 29 2020,630
Thu Apr 30 2020,631
Fri May 01 2020,633
Sat May 02 2020,634
Sun May 03 2020,629
Mon May 04 2020,631
Tue May 05 2020,631
Wed May 06 2020,631
Thu May 07 2020,631
Fri May 08 2020,630
Sat May 09 2020,629
Sun May 10 2020,628
Mon May 11 2020,628
Tue May 12 2020,627
Wed May 13 2020,627
Thu May 14 2020,627
Fri May 15 2020,627
Sat May 16 2020,628
Sun May 17 2020,627
Mon May 18 2020,627
Tue May 19 2020,626
Wed May 20 2020,627
Thu May 21 2020,625
Fri May 22 2020,625
Sat May 23 2020,624
Sun May 24 2020,628
Mon May 25 2020,627
Tue May 26 2020,628
Wed May 27 2020,628
Thu May 28 2020,624
Fri May 29 2020,626
Sat May 30 2020,627
Sun May 31 2020,628
Mon Jun 01 2020,630
Tue Jun 02 2020,628
Wed Jun 03 2020,629
Thu Jun 04 2020,628
Fri Jun 05 2020,627
Sat Jun 06 2020,626
Sun Jun 07 2020,630
Mon Jun 08 2020,632
Tue Jun 09 2020,629
Wed Jun 10 2020,631
Thu Jun 11 2020,632
Fri Jun 12 2020,628
Sat Jun 13 2020,628
Sun Jun 14 2020,631
Mon Jun 15 2020,633
Tue Jun 16 2020,633
Wed Jun 17 2020,634
Thu Jun 18 2020,632
Fri Jun 19 2020,634
Sat Jun 20 2020,634
Sun Jun 21 2020,628
Mon Jun 22 2020,631
Tue Jun 23 2020,632
Wed Jun 24 2020,633
Thu Jun 25 2020,633
Fri Jun 26 2020,638
Sat Jun 27 2020,633
Sun Jun 28 2020,634
Mon Jun 29 2020,634
Tue Jun 30 2020,634
Wed Jul 01 2020,634
Thu Jul 02 2020,633
Fri Jul 03 2020,633
Sat Jul 04 2020,633
Sun Jul 05 2020,633
Mon Jul 06 2020,630
Tue Jul 07 2020,630
Wed Jul 08 2020,632
Thu Jul 09 2020,631
Fri Jul 10 2020,631
Sat Jul 11 2020,634
Sun Jul 12 2020,640
Mon Jul 13 2020,635
Tue Jul 14 2020,635
Wed Jul 15 2020,635
Thu Jul 16 2020,634
Fri Jul 17 2020,635
Sat Jul 18 2020,639
Sun Jul 19 2020,639
Mon Jul 20 2020,637
Tue Jul 21 2020,636
Wed Jul 22 2020,636
Thu Jul 23 2020,635
Fri Jul 24 2020,636
Sat Jul 25 2020,632
Sun Jul 26 2020,633
Mon Jul 27 2020,632
Tue Jul 28 2020,632
Wed Jul 29 2020,632
Thu Jul 30 2020,634
Fri Jul 31 2020,632
Sat Aug 01 2020,628
Sun Aug 02 2020,628
Mon Aug 03 2020,629
Tue Aug 04 2020,629
Wed Aug 05 2020,629
Thu Aug 06 2020,629
Fri Aug 07 2020,629
Sat Aug 08 2020,631
Sun Aug 09 2020,632
Mon Aug 10 2020,631
Tue Aug 11 2020,631
Wed Aug 12 2020,631
Thu Aug 13 2020,632
Fri Aug 14 2020,633
Sat Aug 15 2020,636
Sun Aug 16 2020,637
Mon Aug 17 2020,636
Tue Aug 18 2020,637
Wed Aug 19 2020,638
Thu Aug 20 2020,636
Fri Aug 21 2020,638
Sat Aug 22 2020,631
Sun Aug 23 2020,634
Mon Aug 24 2020,635
Tue Aug 25 2020,635
Wed Aug 26 2020,637
Thu Aug 27 2020,637
Fri Aug 28 2020,636
Sat Aug 29 2020,634
Sun Aug 30 2020,636
Mon Aug 31 2020,639
Tue Sep 01 2020,638
Wed Sep 02 2020,638
Thu Sep 03 2020,638
Fri Sep 04 2020,638
Sat Sep 05 2020,637
Sun Sep 06 2020,636
Mon Sep 07 2020,635
Tue Sep 08 2020,635
Wed Sep 09 2020,631
Thu Sep 10 2020,631
Fri Sep 11 2020,633
Sat Sep 12 2020,632
Sun Sep 13 2020,633
Mon Sep 14 2020,630
Tue Sep 15 2020,629
Wed Sep 16 2020,629
Thu Sep 17 2020,630
Fri Sep 18 2020,629
Sat Sep 19 2020,629
Sun Sep 20 2020,629
Mon Sep 21 2020,628
Tue Sep 22 2020,628
Wed Sep 23 2020,627
Thu Sep 24 2020,620
Fri Sep 25 2020,616
Sat Sep 26 2020,615
Sun Sep 27 2020,614
Mon Sep 28 2020,613
Tue Sep 29 2020,613
Wed Sep 30 2020,613
Thu Oct 01 2020,610
Fri Oct 02 2020,612
Sat Oct 03 2020,604
Sun Oct 04 2020,602
Mon Oct 05 2020,601
Tue Oct 06 2020,601
Wed Oct 07 2020,601
Thu Oct 08 2020,599
Fri Oct 09 2020,599
Sat Oct 10 2020,599
Sun Oct 11 2020,602
Mon Oct 12 2020,603
Tue Oct 13 2020,603
Wed Oct 14 2020,603
Thu Oct 15 2020,602
Fri Oct 16 2020,602
Sat Oct 17 2020,603
Sun Oct 18 2020,604
Mon Oct 19 2020,602
Tue Oct 20 2020,602
Wed Oct 21 2020,603
Thu Oct 22 2020,603
Fri Oct 23 2020,601
Sat Oct 24 2020,603
Sun Oct 25 2020,603
Mon Oct 26 2020,606
Tue Oct 27 2020,605
Wed Oct 28 2020,606
Thu Oct 29 2020,610
Fri Oct 30 2020,609
Sat Oct 31 2020,610
Sun Nov 01 2020,610
Mon Nov 02 2020,609
Tue Nov 03 2020,609
Wed Nov 04 2020,611
Thu Nov 05 2020,610
Fri Nov 06 2020,611
Sat Nov 07 2020,611
Sun Nov 08 2020,611
Mon Nov 09 2020,612
Tue Nov 10 2020,613
Wed Nov 11 2020,614
Thu Nov 12 2020,615
Fri Nov 13 2020,615
Sat Nov 14 2020,616
Sun Nov 15 2020,618
Mon Nov 16 2020,619
Tue Nov 17 2020,620
Wed Nov 18 2020,621
Thu Nov 19 2020,622
Fri Nov 20 2020,626
Sat Nov 21 2020,629
Sun Nov 22 2020,629
Mon Nov 23 2020,628
Tue Nov 24 2020,629
Wed Nov 25 2020,629
Thu Nov 26 2020,631
Fri Nov 27 2020,631
Sat Nov 28 2020,631
Sun Nov 29 2020,631
Mon Nov 30 2020,629
Tue Dec 01 2020,630
Wed Dec 02 2020,632
Thu Dec 03 2020,632
Fri Dec 04 2020,630
Sat Dec 05 2020,631
Sun Dec 06 2020,630
Mon Dec 07 2020,630
Tue Dec 08 2020,634
Wed Dec 09 2020,633
Thu Dec 10 2020,633
Fri Dec 11 2020,637
Sat Dec 12 2020,639
Sun Dec 13 2020,639
Mon Dec 14 2020,642
Tue Dec 15 2020,641
Wed Dec 16 2020,644
Thu Dec 17 2020,641
Fri Dec 18 2020,642
Sat Dec 19 2020,643
Sun Dec 20 2020,643
Mon Dec 21 2020,650
Tue Dec 22 2020,650
Wed Dec 23 2020,639
Thu Dec 24 2020,639
Fri Dec 25 2020,639
Sat Dec 26 2020,640
Sun Dec 27 2020,651
Mon Dec 28 2020,649
Tue Dec 29 2020,651
Wed Dec 30 2020,656
Thu Dec 31 2020,657
Fri Jan 01 2021,657
Sat Jan 02 2021,659
Sun Jan 03 2021,659
Mon Jan 04 2021,658
Tue Jan 05 2021,658
Wed Jan 06 2021,660
Thu Jan 07 2021,660
Fri Jan 08 2021,659
Sat Jan 09 2021,659
Sun Jan 10 2021,659
Mon Jan 11 2021,659
Tue Jan 12 2021,662
Wed Jan 13 2021,662
Thu Jan 14 2021,663
Fri Jan 15 2021,665
Sat Jan 16 2021,665
Sun Jan 17 2021,666
Mon Jan 18 2021,667
Tue Jan 19 2021,666
Wed Jan 20 2021,666
Thu Jan 21 2021,667
Fri Jan 22 2021,667
Sat Jan 23 2021,665
Sun Jan 24 2021,665
Mon Jan 25 2021,666
Tue Jan 26 2021,667
Wed Jan 27 2021,666
Thu Jan 28 2021,667
Fri Jan 29 2021,667
Sat Jan 30 2021,667
Sun Jan 31 2021,666
Mon Feb 01 2021,666
Tue Feb 02 2021,670
Wed Feb 03 2021,671
Thu Feb 04 2021,670
Fri Feb 05 2021,670
Sat Feb 06 2021,669
Sun Feb 07 2021,669
Mon Feb 08 2021,669
Tue Feb 09 2021,669
Wed Feb 10 2021,670
Thu Feb 11 2021,668
Fri Feb 12 2021,673
Sat Feb 13 2021,672
Sun Feb 14 2021,669
Mon Feb 15 2021,670
Tue Feb 16 2021,670
Wed Feb 17 2021,670
Thu Feb 18 2021,670
Fri Feb 19 2021,669
Sat Feb 20 2021,668
Sun Feb 21 2021,669
Mon Feb 22 2021,670
Tue Feb 23 2021,669
Wed Feb 24 2021,667
Thu Feb 25 2021,668
Fri Feb 26 2021,667
Sat Feb 27 2021,659
Sun Feb 28 2021,664
Mon Mar 01 2021,665
Tue Mar 02 2021,668
Wed Mar 03 2021,667
Thu Mar 04 2021,669
Fri Mar 05 2021,669
Sat Mar 06 2021,671
Sun Mar 07 2021,671
Mon Mar 08 2021,670
Tue Mar 09 2021,667
Wed Mar 10 2021,671
Thu Mar 11 2021,654
Fri Mar 12 2021,655
Sat Mar 13 2021,654
Sun Mar 14 2021,666
Mon Mar 15 2021,667
Tue Mar 16 2021,669
Wed Mar 17 2021,669
Thu Mar 18 2021,668
Fri Mar 19 2021,666
Sat Mar 20 2021,666
Sun Mar 21 2021,666
Mon Mar 22 2021,665
Tue Mar 23 2021,665
Wed Mar 24 2021,666
Thu Mar 25 2021,659
Fri Mar 26 2021,662
Sat Mar 27 2021,663
Sun Mar 28 2021,663
Mon Mar 29 2021,663
Tue Mar 30 2021,664
Wed Mar 31 2021,666
Thu Apr 01 2021,666
Fri Apr 02 2021,667
Sat Apr 03 2021,667
Sun Apr 04 2021,667
Mon Apr 05 2021,667
Tue Apr 06 2021,665
Wed Apr 07 2021,666
Thu Apr 08 2021,667
Fri Apr 09 2021,667
Sat Apr 10 2021,668
Sun Apr 11 2021,667
Mon Apr 12 2021,667
Tue Apr 13 2021,671
Wed Apr 14 2021,671
Thu Apr 15 2021,672
Fri Apr 16 2021,671
Sat Apr 17 2021,672
Sun Apr 18 2021,673
Mon Apr 19 2021,673
Tue Apr 20 2021,672
Wed Apr 21 2021,671
Thu Apr 22 2021,670
Fri Apr 23 2021,673
Sat Apr 24 2021,674
Sun Apr 25 2021,676
Mon Apr 26 2021,679
Tue Apr 27 2021,680
Wed Apr 28 2021,681
Thu Apr 29 2021,683
Fri Apr 30 2021,683
Sat May 01 2021,685
Sun May 02 2021,687
Mon May 03 2021,691
Tue May 04 2021,694
Wed May 05 2021,694
Thu May 06 2021,694
Fri May 07 2021,694
Sat May 08 2021,695
Sun May 09 2021,694
Mon May 10 2021,694
Tue May 11 2021,695
Wed May 12 2021,695
Thu May 13 2021,696
Fri May 14 2021,696
Sat May 15 2021,698
Sun May 16 2021,697
Mon May 17 2021,697
Tue May 18 2021,695
Wed May 19 2021,692
Thu May 20 2021,693
Fri May 21 2021,692
Sat May 22 2021,694
Sun May 23 2021,693
Mon May 24 2021,690
Tue May 25 2021,691
Wed May 26 2021,689
Thu May 27 2021,688
Fri May 28 2021,687
Sat May 29 2021,688
Sun May 30 2021,687
Mon May 31 2021,689
Tue Jun 01 2021,687
Wed Jun 02 2021,686
Thu Jun 03 2021,687
Fri Jun 04 2021,689
Sat Jun 05 2021,692
Sun Jun 06 2021,691
Mon Jun 07 2021,690
Tue Jun 08 2021,690
Wed Jun 09 2021,689
Thu Jun 10 2021,688
Fri Jun 11 2021,690
Sat Jun 12 2021,690
Sun Jun 13 2021,690
Mon Jun 14 2021,697
Tue Jun 15 2021,697
Wed Jun 16 2021,697
Thu Jun 17 2021,699
Fri Jun 18 2021,698
Sat Jun 19 2021,697
Sun Jun 20 2021,693
Mon Jun 21 2021,694
Tue Jun 22 2021,694
Wed Jun 23 2021,695
Thu Jun 24 2021,694
Fri Jun 25 2021,694
Sat Jun 26 2021,691
Sun Jun 27 2021,692
Mon Jun 28 2021,692
Tue Jun 29 2021,692
Wed Jun 30 2021,696
Thu Jul 01 2021,696
Fri Jul 02 2021,695
Sat Jul 03 2021,695
Sun Jul 04 2021,696
Mon Jul 05 2021,693
Tue Jul 06 2021,694
Wed Jul 07 2021,692
Thu Jul 08 2021,693
Fri Jul 09 2021,690
Sat Jul 10 2021,688
Sun Jul 11 2021,688
Mon Jul 12 2021,687
Tue Jul 13 2021,685
Wed Jul 14 2021,685
Thu Jul 15 2021,684
Fri Jul 16 2021,684
Sat Jul 17 2021,682
Sun Jul 18 2021,682
Mon Jul 19 2021,681
Tue Jul 20 2021,682
Wed Jul 21 2021,682
Thu Jul 22 2021,681
Fri Jul 23 2021,680
Sat Jul 24 2021,680
Sun Jul 25 2021,680
Mon Jul 26 2021,679
Tue Jul 27 2021,688
Wed Jul 28 2021,688
Thu Jul 29 2021,689
Fri Jul 30 2021,690
Sat Jul 31 2021,682
Sun Aug 01 2021,689
Mon Aug 02 2021,689
Tue Aug 03 2021,688
Wed Aug 04 2021,689
Thu Aug 05 2021,689
Fri Aug 06 2021,689
Sat Aug 07 2021,689
Sun Aug 08 2021,689
Mon Aug 09 2021,689
Tue Aug 10 2021,687
Wed Aug 11 2021,686
Thu Aug 12 2021,687
Fri Aug 13 2021,687
Sat Aug 14 2021,687
Sun Aug 15 2021,685
Mon Aug 16 2021,686
Tue Aug 17 2021,686
Wed Aug 18 2021,685
Thu Aug 19 2021,680
Fri Aug 20 2021,681
Sat Aug 21 2021,680
Sun Aug 22 2021,682
Mon Aug 23 2021,682
Tue Aug 24 2021,678
Wed Aug 25 2021,675
Thu Aug 26 2021,672
Fri Aug 27 2021,673
Sat Aug 28 2021,674
Sun Aug 29 2021,675
Mon Aug 30 2021,675
Tue Aug 31 2021,675
Wed Sep 01 2021,677
Thu Sep 02 2021,678
Fri Sep 03 2021,678
Sat Sep 04 2021,678
Sun Sep 05 2021,677
Mon Sep 06 2021,677
Tue Sep 07 2021,678
Wed Sep 08 2021,678
Thu Sep 09 2021,678
Fri Sep 10 2021,679
Sat Sep 11 2021,675
Sun Sep 12 2021,675
Mon Sep 13 2021,673
Tue Sep 14 2021,673
Wed Sep 15 2021,672
Thu Sep 16 2021,671
Fri Sep 17 2021,672
Sat Sep 18 2021,673
Sun Sep 19 2021,672
Mon Sep 20 2021,672
Tue Sep 21 2021,671
Wed Sep 22 2021,669
Thu Sep 23 2021,671
Fri Sep 24 2021,671
Sat Sep 25 2021,671
Sun Sep 26 2021,671
Mon Sep 27 2021,671
Tue Sep 28 2021,670
Wed Sep 29 2021,671
Thu Sep 30 2021,670
Fri Oct 01 2021,675
Sat Oct 02 2021,675
Sun Oct 03 2021,680
Mon Oct 04 2021,674
Tue Oct 05 2021,676
Wed Oct 06 2021,678
Thu Oct 07 2021,678
Fri Oct 08 2021,678
Sat Oct 09 2021,680
Sun Oct 10 2021,678
Mon Oct 11 2021,677
Tue Oct 12 2021,678
Wed Oct 13 2021,678
Thu Oct 14 2021,677
Fri Oct 15 2021,676
Sat Oct 16 2021,677
Sun Oct 17 2021,674
Mon Oct 18 2021,676
Tue Oct 19 2021,676
Wed Oct 20 2021,676
Thu Oct 21 2021,675
Fri Oct 22 2021,676
Sat Oct 23 2021,676
Sun Oct 24 2021,677
Mon Oct 25 2021,677
Tue Oct 26 2021,677
Wed Oct 27 2021,676
Thu Oct 28 2021,676
Fri Oct 29 2021,676
Sat Oct 30 2021,676
Sun Oct 31 2021,676
Mon Nov 01 2021,675
Tue Nov 02 2021,676
Wed Nov 03 2021,676
Thu Nov 04 2021,676
Fri Nov 05 2021,675
Sat Nov 06 2021,675
Sun Nov 07 2021,676
Mon Nov 08 2021,674
Tue Nov 09 2021,675
Wed Nov 10 2021,675
Thu Nov 11 2021,675
Fri Nov 12 2021,676
Sat Nov 13 2021,676
Sun Nov 14 2021,676
Mon Nov 15 2021,684
Tue Nov 16 2021,683
Wed Nov 17 2021,682
Thu Nov 18 2021,682
Fri Nov 19 2021,684
Sat Nov 20 2021,683
Sun Nov 21 2021,685
Mon Nov 22 2021,676
Tue Nov 23 2021,686
Wed Nov 24 2021,686
Thu Nov 25 2021,683
Fri Nov 26 2021,689
Sat Nov 27 2021,688
Sun Nov 28 2021,688
Mon Nov 29 2021,683
Tue Nov 30 2021,690
Wed Dec 01 2021,686
Thu Dec 02 2021,685
Fri Dec 03 2021,685
Sat Dec 04 2021,684
Sun Dec 05 2021,684
Mon Dec 06 2021,684
Tue Dec 07 2021,684
Wed Dec 08 2021,684
Thu Dec 09 2021,684
Fri Dec 10 2021,684
Sat Dec 11 2021,683
Sun Dec 12 2021,683
Mon Dec 13 2021,682
Tue Dec 14 2021,684
Wed Dec 15 2021,686
Thu Dec 16 2021,687
Fri Dec 17 2021,687
Sat Dec 18 2021,687
Sun Dec 19 2021,687
Mon Dec 20 2021,687
Tue Dec 21 2021,687
Wed Dec 22 2021,687
Thu Dec 23 2021,685
Fri Dec 24 2021,685
Sat Dec 25 2021,686
Sun Dec 26 2021,688
Mon Dec 27 2021,687
Tue Dec 28 2021,688
Wed Dec 29 2021,687
Thu Dec 30 2021,686
Fri Dec 31 2021,681
Sat Jan 01 2022,681
Sun Jan 02 2022,686
Mon Jan 03 2022,686
Tue Jan 04 2022,687
Wed Jan 05 2022,687
Thu Jan 06 2022,687
Fri Jan 07 2022,687
Sat Jan 08 2022,684
Sun Jan 09 2022,686
Mon Jan 10 2022,684
Tue Jan 11 2022,687
Wed Jan 12 2022,686
Thu Jan 13 2022,682
Fri Jan 14 2022,682
Sat Jan 15 2022,682
Sun Jan 16 2022,682
Mon Jan 17 2022,680
Tue Jan 18 2022,679
Wed Jan 19 2022,679
Thu Jan 20 2022,680
Fri Jan 21 2022,680
Sat Jan 22 2022,681
Sun Jan 23 2022,679
Mon Jan 24 2022,678
Tue Jan 25 2022,678
Wed Jan 26 2022,678
Thu Jan 27 2022,677
Fri Jan 28 2022,677
Sat Jan 29 2022,676
Sun Jan 30 2022,677
Mon Jan 31 2022,678
Tue Feb 01 2022,679
Wed Feb 02 2022,681
Thu Feb 03 2022,683
Fri Feb 04 2022,683
Sat Feb 05 2022,684
Sun Feb 06 2022,683
Mon Feb 07 2022,679
Tue Feb 08 2022,678
Wed Feb 09 2022,678
Thu Feb 10 2022,677
Fri Feb 11 2022,675
Sat Feb 12 2022,676
Sun Feb 13 2022,674
Mon Feb 14 2022,673
Tue Feb 15 2022,673
Wed Feb 16 2022,673
Thu Feb 17 2022,674
Fri Feb 18 2022,673
Sat Feb 19 2022,674
Sun Feb 20 2022,675
Mon Feb 21 2022,675
Tue Feb 22 2022,674
Wed Feb 23 2022,673
Thu Feb 24 2022,672
Fri Feb 25 2022,671
Sat Feb 26 2022,669
Sun Feb 27 2022,669
Mon Feb 28 2022,669
Tue Mar 01 2022,669
Wed Mar 02 2022,670
Thu Mar 03 2022,670
Fri Mar 04 2022,669
Sat Mar 05 2022,672
Sun Mar 06 2022,670
Mon Mar 07 2022,671
Tue Mar 08 2022,670
Wed Mar 09 2022,667
Thu Mar 10 2022,666
Fri Mar 11 2022,665
Sat Mar 12 2022,667
Sun Mar 13 2022,667
Mon Mar 14 2022,667
Tue Mar 15 2022,666
Wed Mar 16 2022,664
Thu Mar 17 2022,663
Fri Mar 18 2022,664
Sat Mar 19 2022,664
Sun Mar 20 2022,664
Mon Mar 21 2022,665
Tue Mar 22 2022,664
Wed Mar 23 2022,664
Thu Mar 24 2022,664
Fri Mar 25 2022,664
Sat Mar 26 2022,665
Sun Mar 27 2022,665
Mon Mar 28 2022,661
Tue Mar 29 2022,661
Wed Mar 30 2022,662
Thu Mar 31 2022,662
Fri Apr 01 2022,661
Sat Apr 02 2022,662
Sun Apr 03 2022,662
Mon Apr 04 2022,664
Tue Apr 05 2022,664
Wed Apr 06 2022,660
Thu Apr 07 2022,659
Fri Apr 08 2022,658
Sat Apr 09 2022,657
Sun Apr 10 2022,655
Mon Apr 11 2022,655
Tue Apr 12 2022,654
Wed Apr 13 2022,655
Thu Apr 14 2022,659
Fri Apr 15 2022,659
Sat Apr 16 2022,659
Sun Apr 17 2022,659
Mon Apr 18 2022,659
Tue Apr 19 2022,656
Wed Apr 20 2022,656
Thu Apr 21 2022,655
Fri Apr 22 2022,653
Sat Apr 23 2022,653
Sun Apr 24 2022,654
Mon Apr 25 2022,656
Tue Apr 26 2022,656
Wed Apr 27 2022,654
Thu Apr 28 2022,655
Fri Apr 29 2022,655
Sat Apr 30 2022,655
Sun May 01 2022,655
Mon May 02 2022,656
Tue May 03 2022,657
Wed May 04 2022,657
Thu May 05 2022,656
Fri May 06 2022,653
Sat May 07 2022,652
Sun May 08 2022,653
Mon May 09 2022,653
Tue May 10 2022,656
Wed May 11 2022,656
Thu May 12 2022,654
Fri May 13 2022,651
Sat May 14 2022,651
Sun May 15 2022,651
Mon May 16 2022,650
Tue May 17 2022,649
Wed May 18 2022,649
Thu May 19 2022,649
Fri May 20 2022,647
Sat May 21 2022,647
Sun May 22 2022,647
Mon May 23 2022,646
Tue May 24 2022,647
Wed May 25 2022,645
Thu May 26 2022,645
Fri May 27 2022,646
Sat May 28 2022,645
Sun May 29 2022,645
Mon May 30 2022,645
Tue May 31 2022,644
Wed Jun 01 2022,639
Thu Jun 02 2022,638
Fri Jun 03 2022,640
Sat Jun 04 2022,640
Sun Jun 05 2022,635
Mon Jun 06 2022,636
Tue Jun 07 2022,636
Wed Jun 08 2022,636
Thu Jun 09 2022,633
Fri Jun 10 2022,633
Sat Jun 11 2022,632
Sun Jun 12 2022,632
Mon Jun 13 2022,632
Tue Jun 14 2022,632
Wed Jun 15 2022,633
Thu Jun 16 2022,630
Fri Jun 17 2022,631
Sat Jun 18 2022,631
Sun Jun 19 2022,632
Mon Jun 20 2022,630
Tue Jun 21 2022,629
Wed Jun 22 2022,633
Thu Jun 23 2022,632
Fri Jun 24 2022,628
Sat Jun 25 2022,629
Sun Jun 26 2022,627
Mon Jun 27 2022,626
Tue Jun 28 2022,625
Wed Jun 29 2022,624
Thu Jun 30 2022,623
Fri Jul 01 2022,624
Sat Jul 02 2022,624
Sun Jul 03 2022,624
Mon Jul 04 2022,620
Tue Jul 05 2022,620
Wed Jul 06 2022,619
Thu Jul 07 2022,618
Fri Jul 08 2022,619
Sat Jul 09 2022,621
Sun Jul 10 2022,620
Mon Jul 11 2022,618
Tue Jul 12 2022,615
Wed Jul 13 2022,617
Thu Jul 14 2022,616
Fri Jul 15 2022,612
Sat Jul 16 2022,613
Sun Jul 17 2022,612
Mon Jul 18 2022,614
Tue Jul 19 2022,616
Wed Jul 20 2022,617
Thu Jul 21 2022,622
Fri Jul 22 2022,623
Sat Jul 23 2022,622
Sun Jul 24 2022,625
Mon Jul 25 2022,626
Tue Jul 26 2022,626
Wed Jul 27 2022,626
Thu Jul 28 2022,627
Fri Jul 29 2022,627
Sat Jul 30 2022,624
Sun Jul 31 2022,624
Mon Aug 01 2022,623
Tue Aug 02 2022,624
Wed Aug 03 2022,624
Thu Aug 04 2022,625
Fri Aug 05 2022,624
Sat Aug 06 2022,624
Sun Aug 07 2022,625
Mon Aug 08 2022,626
Tue Aug 09 2022,626
Wed Aug 10 2022,628
Thu Aug 11 2022,627
Fri Aug 12 2022,625
Sat Aug 13 2022,628
Sun Aug 14 2022,624
Mon Aug 15 2022,626
Tue Aug 16 2022,619
Wed Aug 17 2022,619
Thu Aug 18 2022,617
Fri Aug 19 2022,615
Sat Aug 20 2022,615
Sun Aug 21 2022,616
Mon Aug 22 2022,615
Tue Aug 23 2022,615
Wed Aug 24 2022,615
Thu Aug 25 2022,615
Fri Aug 26 2022,615
Sat Aug 27 2022,615
Sun Aug 28 2022,615
Mon Aug 29 2022,614
Tue Aug 30 2022,614
Wed Aug 31 2022,614
Thu Sep 01 2022,615
Fri Sep 02 2022,611
Sat Sep 03 2022,609
Sun Sep 04 2022,609
Mon Sep 05 2022,608
Tue Sep 06 2022,608
Wed Sep 07 2022,608
Thu Sep 08 2022,609
Fri Sep 09 2022,609
Sat Sep 10 2022,610
Sun Sep 11 2022,609
Mon Sep 12 2022,608
Tue Sep 13 2022,607
Wed Sep 14 2022,605
Thu Sep 15 2022,605
Fri Sep 16 2022,605
Sat Sep 17 2022,607
Sun Sep 18 2022,607
Mon Sep 19 2022,606
Tue Sep 20 2022,606
Wed Sep 21 2022,604
Thu Sep 22 2022,605
Fri Sep 23 2022,604
Sat Sep 24 2022,603
Sun Sep 25 2022,601
Mon Sep 26 2022,602
Tue Sep 27 2022,601
Wed Sep 28 2022,603
Thu Sep 29 2022,604
Fri Sep 30 2022,604
Sat Oct 01 2022,601
Sun Oct 02 2022,601
Mon Oct 03 2022,600
Tue Oct 04 2022,601
Wed Oct 05 2022,603
Thu Oct 06 2022,603
Fri Oct 07 2022,603
Sat Oct 08 2022,604
Sun Oct 09 2022,603
Mon Oct 10 2022,602
Tue Oct 11 2022,603
Wed Oct 12 2022,603
Thu Oct 13 2022,605
Fri Oct 14 2022,605
Sat Oct 15 2022,605
Sun Oct 16 2022,607
Mon Oct 17 2022,606
Tue Oct 18 2022,604
Wed Oct 19 2022,604
Thu Oct 20 2022,605
Fri Oct 21 2022,605
Sat Oct 22 2022,604
Sun Oct 23 2022,605
Mon Oct 24 2022,606
Tue Oct 25 2022,604
Wed Oct 26 2022,604
Thu Oct 27 2022,603
Fri Oct 28 2022,603
Sat Oct 29 2022,603
Sun Oct 30 2022,602
Mon Oct 31 2022,602
Tue Nov 01 2022,603
Wed Nov 02 2022,603
Thu Nov 03 2022,604
Fri Nov 04 2022,603
Sat Nov 05 2022,605
Sun Nov 06 2022,605
Mon Nov 07 2022,605
Tue Nov 08 2022,605
Wed Nov 09 2022,604
Thu Nov 10 2022,603
Fri Nov 11 2022,604
Sat Nov 12 2022,601
Sun Nov 13 2022,601
Mon Nov 14 2022,602
Tue Nov 15 2022,602
Wed Nov 16 2022,603
Thu Nov 17 2022,603
Fri Nov 18 2022,604
Sat Nov 19 2022,605
Sun Nov 20 2022,606
Mon Nov 21 2022,604
Tue Nov 22 2022,604
Wed Nov 23 2022,604
Thu Nov 24 2022,605
Fri Nov 25 2022,605
Sat Nov 26 2022,606
Sun Nov 27 2022,606
Mon Nov 28 2022,606
Tue Nov 29 2022,605
Wed Nov 30 2022,605
Thu Dec 01 2022,607
Fri Dec 02 2022,607
Sat Dec 03 2022,607
Sun Dec 04 2022,608
Mon Dec 05 2022,609
Tue Dec 06 2022,610
Wed Dec 07 2022,609
Thu Dec 08 2022,609
Fri Dec 09 2022,608
Sat Dec 10 2022,610
Sun Dec 11 2022,608
Mon Dec 12 2022,609
Tue Dec 13 2022,608
Wed Dec 14 2022,608
Thu Dec 15 2022,609
Fri Dec 16 2022,609
Sat Dec 17 2022,612
Sun Dec 18 2022,612
Mon Dec 19 2022,612
Tue Dec 20 2022,613
Wed Dec 21 2022,614
Thu Dec 22 2022,616
Fri Dec 23 2022,616
Sat Dec 24 2022,617
Sun Dec 25 2022,615
Mon Dec 26 2022,615
Tue Dec 27 2022,617
Wed Dec 28 2022,614
Thu Dec 29 2022,618
Fri Dec 30 2022,618
Sat Dec 31 2022,619
Sun Jan 01 2023,619
Mon Jan 02 2023,620
Tue Jan 03 2023,620
Wed Jan 04 2023,621
Thu Jan 05 2023,623
Fri Jan 06 2023,624
Sat Jan 07 2023,621
Sun Jan 08 2023,621
Mon Jan 09 2023,620
Tue Jan 10 2023,620
Wed Jan 11 2023,620
Thu Jan 12 2023,622
Fri Jan 13 2023,621
Sat Jan 14 2023,622
Sun Jan 15 2023,621
Mon Jan 16 2023,621
Tue Jan 17 2023,620
Wed Jan 18 2023,619
Thu Jan 19 2023,620
Fri Jan 20 2023,620
Sat Jan 21 2023,620
Sun Jan 22 2023,620
Mon Jan 23 2023,620
Tue Jan 24 2023,620
Wed Jan 25 2023,621
Thu Jan 26 2023,623
Fri Jan 27 2023,621
Sat Jan 28 2023,622
Sun Jan 29 2023,622
Mon Jan 30 2023,622
Tue Jan 31 2023,621
Wed Feb 01 2023,624
Thu Feb 02 2023,622
Fri Feb 03 2023,621
Sat Feb 04 2023,621
Sun Feb 05 2023,621
Mon Feb 06 2023,620
Tue Feb 07 2023,620
Wed Feb 08 2023,620
Thu Feb 09 2023,622
Fri Feb 10 2023,621
Sat Feb 11 2023,625
Sun Feb 12 2023,625
Mon Feb 13 2023,626
Tue Feb 14 2023,626
Wed Feb 15 2023,625
Thu Feb 16 2023,626
Fri Feb 17 2023,626
Sat Feb 18 2023,625
Sun Feb 19 2023,627
Mon Feb 20 2023,625
Tue Feb 21 2023,625
Wed Feb 22 2023,625
Thu Feb 23 2023,624
Fri Feb 24 2023,625
Sat Feb 25 2023,626
Sun Feb 26 2023,628
Mon Feb 27 2023,628
Tue Feb 28 2023,625
Wed Mar 01 2023,626
Thu Mar 02 2023,624
Fri Mar 03 2023,622
Sat Mar 04 2023,623
Sun Mar 05 2023,625
Mon Mar 06 2023,624
Tue Mar 07 2023,625
Wed Mar 08 2023,626
Thu Mar 09 2023,627
Fri Mar 10 2023,627
Sat Mar 11 2023,623
Sun Mar 12 2023,624
Mon Mar 13 2023,625
Tue Mar 14 2023,625
Wed Mar 15 2023,625
Thu Mar 16 2023,623
Fri Mar 17 2023,623
Sat Mar 18 2023,620
Sun Mar 19 2023,618
Mon Mar 20 2023,617
Tue Mar 21 2023,618
Wed Mar 22 2023,618
Thu Mar 23 2023,617
Fri Mar 24 2023,617
Sat Mar 25 2023,615
Sun Mar 26 2023,617
Mon Mar 27 2023,617
Tue Mar 28 2023,617
Wed Mar 29 2023,618
Thu Mar 30 2023,616
Fri Mar 31 2023,615
Sat Apr 01 2023,615
Sun Apr 02 2023,616
Mon Apr 03 2023,615
Tue Apr 04 2023,614
Wed Apr 05 2023,615
Thu Apr 06 2023,616
Fri Apr 07 2023,617
Sat Apr 08 2023,617
Sun Apr 09 2023,618
Mon Apr 10 2023,618
Tue Apr 11 2023,619
Wed Apr 12 2023,620
Thu Apr 13 2023,620
Fri Apr 14 2023,620
Sat Apr 15 2023,621
Sun Apr 16 2023,620
Mon Apr 17 2023,623
Tue Apr 18 2023,625
Wed Apr 19 2023,626
Thu Apr 20 2023,625
Fri Apr 21 2023,624
Sat Apr 22 2023,623
Sun Apr 23 2023,628
Mon Apr 24 2023,626
Tue Apr 25 2023,625
Wed Apr 26 2023,625
Thu Apr 27 2023,625
Fri Apr 28 2023,623
Sat Apr 29 2023,622
Sun Apr 30 2023,623
Mon May 01 2023,621
Tue May 02 2023,621
Wed May 03 2023,620
Thu May 04 2023,621
Fri May 05 2023,622
Sat May 06 2023,623
Sun May 07 2023,622
Mon May 08 2023,622
Tue May 09 2023,623
Wed May 10 2023,623
Thu May 11 2023,624
Fri May 12 2023,623
Sat May 13 2023,622
Sun May 14 2023,622
Mon May 15 2023,622
Tue May 16 2023,621
Wed May 17 2023,621
Thu May 18 2023,621
Fri May 19 2023,621
Sat May 20 2023,621
Sun May 21 2023,621
Mon May 22 2023,622
Tue May 23 2023,622
Wed May 24 2023,622
Thu May 25 2023,622
Fri May 26 2023,623
Sat May 27 2023,623
Sun May 28 2023,622
Mon May 29 2023,622
Tue May 30 2023,622
Wed May 31 2023,621
Thu Jun 01 2023,622
Fri Jun 02 2023,625
Sat Jun 03 2023,624
Sun Jun 04 2023,624
Mon Jun 05 2023,623
Tue Jun 06 2023,623
Wed Jun 07 2023,624
Thu Jun 08 2023,626
Fri Jun 09 2023,628
Sat Jun 10 2023,628
Sun Jun 11 2023,628
Mon Jun 12 2023,628
Tue Jun 13 2023,630
Wed Jun 14 2023,631
Thu Jun 15 2023,631
Fri Jun 16 2023,632
Sat Jun 17 2023,631
Sun Jun 18 2023,632
Mon Jun 19 2023,630
Tue Jun 20 2023,630
Wed Jun 21 2023,630
Thu Jun 22 2023,629
Fri Jun 23 2023,630
Sat Jun 24 2023,628
Sun Jun 25 2023,628
Mon Jun 26 2023,627
Tue Jun 27 2023,627
Wed Jun 28 2023,627
Thu Jun 29 2023,628
Fri Jun 30 2023,627
Sat Jul 01 2023,628
Sun Jul 02 2023,628
Mon Jul 03 2023,627
Tue Jul 04 2023,627
Wed Jul 05 2023,625
Thu Jul 06 2023,624
Fri Jul 07 2023,622
Sat Jul 08 2023,622
Sun Jul 09 2023,620
Mon Jul 10 2023,620
Tue Jul 11 2023,620
Wed Jul 12 2023,619
Thu Jul 13 2023,619
Fri Jul 14 2023,619
Sat Jul 15 2023,619
Sun Jul 16 2023,617
Mon Jul 17 2023,618
Tue Jul 18 2023,617
Wed Jul 19 2023,617
Thu Jul 20 2023,617
Fri Jul 21 2023,618
Sat Jul 22 2023,620
Sun Jul 23 2023,619
Mon Jul 24 2023,618
Tue Jul 25 2023,618
Wed Jul 26 2023,617
Thu Jul 27 2023,618
Fri Jul 28 2023,618
Sat Jul 29 2023,618
Sun Jul 30 2023,617
Mon Jul 31 2023,617
Tue Aug 01 2023,618
Wed Aug 02 2023,619
Thu Aug 03 2023,620
Fri Aug 04 2023,621
Sat Aug 05 2023,621
Sun Aug 06 2023,622
Mon Aug 07 2023,622
Tue Aug 08 2023,623
Wed Aug 09 2023,624
Thu Aug 10 2023,625
Fri Aug 11 2023,627
Sat Aug 12 2023,625
Sun Aug 13 2023,626
Mon Aug 14 2023,625
Tue Aug 15 2023,626
Wed Aug 16 2023,628
Thu Aug 17 2023,628
Fri Aug 18 2023,629
Sat Aug 19 2023,625
Sun Aug 20 2023,624
Mon Aug 21 2023,624
Tue Aug 22 2023,623
Wed Aug 23 2023,623
Thu Aug 24 2023,623
Fri Aug 25 2023,623
Sat Aug 26 2023,623
Sun Aug 27 2023,624
Mon Aug 28 2023,624
Tue Aug 29 2023,623
Wed Aug 30 2023,624
Thu Aug 31 2023,624
Fri Sep 01 2023,623
Sat Sep 02 2023,623
Sun Sep 03 2023,623
Mon Sep 04 2023,623
Tue Sep 05 2023,624
Wed Sep 06 2023,623
Thu Sep 07 2023,623
Fri Sep 08 2023,623
Sat Sep 09 2023,625
Sun Sep 10 2023,624
Mon Sep 11 2023,625
Tue Sep 12 2023,625
Wed Sep 13 2023,624
Thu Sep 14 2023,623
Fri Sep 15 2023,624
Sat Sep 16 2023,624
Sun Sep 17 2023,624
Mon Sep 18 2023,626
Tue Sep 19 2023,626
Wed Sep 20 2023,625
Thu Sep 21 2023,624
Fri Sep 22 2023,624
Sat Sep 23 2023,624
Sun Sep 24 2023,625
Mon Sep 25 2023,623
Tue Sep 26 2023,623
Wed Sep 27 2023,622
Thu Sep 28 2023,621
Fri Sep 29 2023,620
Sat Sep 30 2023,618
Sun Oct 01 2023,619
Mon Oct 02 2023,618
Tue Oct 03 2023,620
Wed Oct 04 2023,620
Thu Oct 05 2023,619
Fri Oct 06 2023,620
Sat Oct 07 2023,619
Sun Oct 08 2023,619
Mon Oct 09 2023,620
Tue Oct 10 2023,619
Wed Oct 11 2023,619
Thu Oct 12 2023,618
Fri Oct 13 2023,618
Sat Oct 14 2023,619
Sun Oct 15 2023,617
Mon Oct 16 2023,616
Tue Oct 17 2023,615
Wed Oct 18 2023,615
Thu Oct 19 2023,616
Fri Oct 20 2023,616
Sat Oct 21 2023,615
Sun Oct 22 2023,615
Mon Oct 23 2023,614
Tue Oct 24 2023,612
Wed Oct 25 2023,612
Thu Oct 26 2023,612
Fri Oct 27 2023,613
Sat Oct 28 2023,613
Sun Oct 29 2023,612
Mon Oct 30 2023,613
Tue Oct 31 2023,614
Wed Nov 01 2023,615
Thu Nov 02 2023,617
Fri Nov 03 2023,616
Sat Nov 04 2023,615
Sun Nov 05 2023,615
Mon Nov 06 2023,615
Tue Nov 07 2023,614
Wed Nov 08 2023,615
Thu Nov 09 2023,615
Fri Nov 10 2023,613
Sat Nov 11 2023,611
Sun Nov 12 2023,612
Mon Nov 13 2023,611
Tue Nov 14 2023,612
Wed Nov 15 2023,613
Thu Nov 16 2023,612
Fri Nov 17 2023,612
Sat Nov 18 2023,611
Sun Nov 19 2023,610
Mon Nov 20 2023,609
Tue Nov 21 2023,608
Wed Nov 22 2023,607
Thu Nov 23 2023,608
Fri Nov 24 2023,608
Sat Nov 25 2023,607
Sun Nov 26 2023,610
Mon Nov 27 2023,609
Tue Nov 28 2023,609
